e0,e1,e2,e3,e4,e5
0.0,0.0,0.0,0.0,0.0,0.0
1.015746167509549e-16,3.888090110261035e-17,3.4102101286367023e-17,6.934488416906247e-16,4.378366751522752e-17,5.266340139310147e-15
1.1308987908767916e-16,4.0685437766224794e-17,5.0740461818227606e-17,1.2897481649533997e-15,1.4173379699582228e-16,1.0521185471926367e-14
8.483698611759036e-17,1.1821087544347996e-17,8.929525503371677e-17,1.9961854847025997e-15,2.8852780705757207e-16,1.5851513866419197e-14
2.902000399448875e-17,-4.3015787635772454e-17,7.040020885104677e-17,2.7997043240503836e-15,4.772322873334713e-16,2.1253581987787493e-14
1.646131570949459e-16,-9.20160428890383e-17,7.269150792480211e-17,3.685584885843895e-15,6.447250787950915e-16,2.6770201880400395e-14
1.5372754928849041e-16,-1.2357902257123765e-16,1.6748285633450908e-16,4.794666710696335e-15,8.180187671312943e-16,3.240319884363197e-14
3.101266530474172e-16,-2.205108467217471e-16,2.416223297905224e-16,5.993706791142787e-15,1.0305331703400718e-15,3.8094234210523316e-14
4.083076580398167e-16,-2.9874785178203463e-16,2.7552896782931324e-16,7.381148375705836e-15,1.2331305052975675e-15,4.3984728376298687e-14
2.6079940142817156e-16,-3.9416507324034793e-16,2.2023621675458773e-16,8.943054521145282e-15,1.5092293353621733e-15,4.993990890429217e-14
1.1464234992965618e-16,-4.480645434706485e-16,1.8219433448244088e-16,1.0585517436890634e-14,1.783404491916882e-15,5.592479972158041e-14
-1.0363360248944679e-16,-4.07108313285737e-16,1.9121684866558558e-16,1.2450782962474762e-14,2.0757338321814304e-15,6.205987434562503e-14
-5.625133875983819e-16,-3.489925492077307e-16,2.1171956062853478e-16,1.449861161481678e-14,2.465773234464729e-15,6.831680095410282e-14
-1.0272033073701645e-15,-3.322493860310439e-16,1.7293405263216876e-16,1.670321510317301e-14,2.8152786216022145e-15,7.475913566615484e-14
-1.522055730027248e-15,-2.431588431252045e-16,1.5821458708067122e-16,1.9072989784087798e-14,3.1033995541938603e-15,8.140188533313919e-14
-2.124806045723784e-15,-1.3940110671658123e-16,1.0307135797756855e-16,2.1701928854567167e-14,3.428156994248593e-15,8.818289071874947e-14
-3.2578024799882654e-15,-6.370486013766289e-17,-7.838778525399012e-17,2.4646858963812996e-14,3.798150522318566e-15,9.51166156591212e-14
-4.11495385780884e-15,6.276893100714376e-17,-2.953211239493944e-16,2.7968812225881074e-14,4.1198396686636e-15,1.0225162497991311e-13
-5.024570914174402e-15,2.9040226664842454e-16,-5.500207560150698e-16,3.1675432599915963e-14,4.464535732234321e-15,1.0957637414316753e-13
-5.935583435456527e-15,5.79171577815202e-16,-6.716144996692843e-16,3.594230878935033e-14,4.953087052563198e-15,1.1707068914689703e-13
-6.495594030519402e-15,8.834921388735226e-16,-8.712604037961649e-16,4.069264042445414e-14,5.428690413347489e-15,1.247987561518768e-13
-6.940908151046148e-15,1.1860860250733333e-15,-1.1899556411116148e-15,4.594031998987316e-14,5.914458276575942e-15,1.3280852642234966e-13
-8.274126766318071e-15,1.4879374759290813e-15,-1.4107837111392103e-15,5.180204924975095e-14,6.346927034683747e-15,1.4111310416630525e-13
-9.603127669924967e-15,1.8715148985423245e-15,-1.654871298808543e-15,5.843089237864849e-14,6.767832999879828e-15,1.4971021233332118e-13
-1.0566239023221512e-14,2.2815466148599507e-15,-1.940734202074465e-15,6.599516274420585e-14,7.302660326328369e-15,1.5861518273052097e-13
-1.1634960971880772e-14,2.683724787814584e-15,-2.2431713195486338e-15,7.45326697256146e-14,7.919307804195103e-15,1.6784770571141992e-13
-1.236989949474539e-14,3.044950396332886e-15,-2.6809544864885284e-15,8.415063484481288e-14,8.480007583680051e-15,1.7740373520144847e-13
-1.3389603801991212e-14,3.4654990724275965e-15,-3.1744914434165536e-15,9.494188895558147e-14,9.132832729882577e-15,1.8733793269568717e-13
-1.482490404812873e-14,4.0070482304392904e-15,-3.7266179732020694e-15,1.0710533373415855e-13,9.891058596773275e-15,1.9767524524966343e-13
-1.6215013028790657e-14,4.630945099038195e-15,-4.3626172738035784e-15,1.2082324616829714e-13,1.0744618116807398e-14,2.0843321488667326e-13
-1.8440441303524174e-14,5.284826020974581e-15,-5.095020073146687e-15,1.3622147018064314e-13,1.1686275590618361e-14,2.195936712085308e-13
-2.0822107767752457e-14,6.0035958008613674e-15,-5.978674273789351e-15,1.5362167288524712e-13,1.266297699042638e-14,2.3119001543367375e-13
-2.393462514619827e-14,6.855046374999751e-15,-7.0147162966546835e-15,1.7328310193132637e-13,1.3729282452839246e-14,2.433523558317073e-13
-2.723090636460623e-14,7.802487103487126e-15,-8.199002231368195e-15,1.9544004563669752e-13,1.4868397269855178e-14,2.560435593478383e-13
-3.1758442245713276e-14,8.966549224485337e-15,-9.607541759833137e-15,2.2040279679503225e-13,1.6184685253108233e-14,2.6921104826957317e-13
-3.6920006457215874e-14,1.0311985780577626e-14,-1.1201511912593061e-14,2.4855665081345245e-13,1.771085028236736e-14,2.82938659216752e-13
-4.2945525165489696e-14,1.1935986388405755e-14,-1.2972364699549948e-14,2.802842787041506e-13,1.9382876553123122e-14,2.9724826951719753e-13
-5.0170312577645016e-14,1.3869670457968422e-14,-1.5068112548207017e-14,3.1611520853132296e-13,2.1247509055852215e-14,3.121653984354031e-13
-5.823653997909929e-14,1.61089327529052e-14,-1.756434921544398e-14,3.56560409860496e-13,2.3344484748859904e-14,3.2782200322467103e-13
-6.822686602208072e-14,1.8716977940524447e-14,-2.0491079753311596e-14,4.02080198212142e-13,2.563705940706678e-14,3.4415238579233e-13
-7.993212707449413e-14,2.1833041993863825e-14,-2.3800200840227806e-14,4.53475883151947e-13,2.8086015857056316e-14,3.6117084348757735e-13
-9.388404520007291e-14,2.5487963477600614e-14,-2.7550693382817598e-14,5.115052856077093e-13,3.083949735154902e-14,3.7886933265365406e-13
-1.105648400188278e-13,2.979195117331069e-14,-3.179104575220515e-14,5.768505962377496e-13,3.3874142047004394e-14,3.973722022789598e-13
-1.302257426201113e-13,3.477212605042246e-14,-3.6748787670652735e-14,6.505536742182115e-13,3.722691459509313e-14,4.167236791583247e-13
-1.526781364640045e-13,4.0493894807771465e-14,-4.255914619860439e-14,7.337602362969229e-13,4.0989350064866916e-14,4.3692226165493354e-13
-1.7918024417173184e-13,4.714598841498734e-14,-4.915964551549982e-14,8.275594519993278e-13,4.522531951668314e-14,4.58095272956015e-13
-2.0985008295982196e-13,5.494621108163804e-14,-5.673098909164037e-14,9.33291918521662e-13,4.97697593278956e-14,4.80222508629509e-13
-2.4559925011886673e-13,6.403293572589989e-14,-6.539798775150842e-14,1.0524857879361868e-12,5.4745583592994196e-14,5.033467787270291e-13
-2.8897067248048547e-13,7.467397273568478e-14,-7.525613267218209e-14,1.1869669900891983e-12,6.021462445409635e-14,5.275698746056551e-13
-3.391798018683646e-13,8.710980425066915e-14,-8.670048493587387e-14,1.3386053286351193e-12,6.613351137383906e-14,5.529080238714072e-13
-3.984651628602703e-13,1.0159396989991259e-13,-9.988335942315868e-14,1.5096149127929355e-12,7.25988504756571e-14,5.794790977535564e-13
-4.683593087753815e-13,1.185428764064403e-13,-1.150660410748328e-13,1.7025151690708428e-12,7.967400942733286e-14,6.0731674598876e-13
-5.51078914389189e-13,1.3841764863526385e-13,-1.3260544462426309e-13,1.9201128756077245e-12,8.735958392291305e-14,6.364344576534983e-13
-6.48706935359184e-13,1.6155075145115235e-13,-1.5267697298701984e-13,2.165574852878315e-12,9.569775434392889e-14,6.668670847730805e-13
-7.638985081721429e-13,1.8859360051624122e-13,-1.7589592335978337e-13,2.442337956147637e-12,1.0492541678503371e-13,6.987742611335634e-13
-8.994931782544758e-13,2.2014876867377142e-13,-2.0280010112914148e-13,2.7543116328602437e-12,1.1496689217257027e-13,7.321637773272331e-13
-1.0591406769989672e-12,2.570374407153276e-13,-2.337783586198621e-13,3.1059616067994436e-12,1.2600042238778494e-13,7.671976154917628e-13
-1.2466645749649608e-12,3.0003293043995916e-13,-2.6949526701620203e-13,3.502481491125435e-12,1.3810922957308383e-13,8.038684638733201e-13
-1.4672148111969762e-12,3.5015316919017625e-13,-3.10482920763657e-13,3.949757290304748e-12,1.5134001431825363e-13,8.421835872695457e-13
-1.727504746214501e-12,4.0869795309752613e-13,-3.576097998428053e-13,4.454195791032023e-12,1.658360162429349e-13,8.822322964243827e-13
-2.0339217654795406e-12,4.771025581055417e-13,-4.118650964848614e-13,5.023124986133017e-12,1.817149128668537e-13,9.241158792110165e-13
-2.3951555133748553e-12,5.569558597105274e-13,-4.741727910660545e-13,5.664745889332194e-12,1.990187165618118e-13,9.67941991120943e-13
-2.819651045693308e-12,6.501025273593317e-13,-5.459162996870841e-13,6.388222719278317e-12,2.1782288698634967e-13,1.0137007444326373e-12
-3.3183772958581676e-12,7.587304407030423e-13,-6.285571295449338e-13,7.204089291002735e-12,2.3843404733095624e-13,1.0615683761652256e-12
-3.904677191818114e-12,8.854551353821927e-13,-7.236076540344624e-13,8.124131136783638e-12,2.610135996472898e-13,1.1117454321042649e-12
-4.595046717641193e-12,1.0333619654932303e-12,-8.329254222984253e-13,9.16168409711874e-12,2.857969153967634e-13,1.1641598609352286e-12
-5.4065516978112425e-12,1.2060212754724593e-12,-9.587213759174757e-13,1.0331747556971046e-11,3.129236552187392e-13,1.2189481112405976e-12
-6.36145279693367e-12,1.407495459828879e-12,-1.1034950256238522e-12,1.1651298451526901e-11,3.426577175753179e-13,1.2762506686520037e-12
-7.484763970990454e-12,1.6426044726039963e-12,-1.2701842806987128e-12,1.3139405955780657e-11,3.752698721802017e-13,1.3361141731257639e-12
-8.80643659571606e-12,1.916981234446097e-12,-1.462093954225105e-12,1.4817592864379267e-11,4.109383012345918e-13,1.3987789672797687e-12
-1.0361421162287789e-11,2.2371930875889092e-12,-1.6830272401160332e-12,1.671016230109254e-11,4.4998979271438307e-13,1.4644601814969594e-12
-1.2191456333667079e-11,2.610990885346575e-12,-1.9372983047552316e-12,1.884446403980164e-11,4.927821258020707e-13,1.5331169788085563e-12
-1.4344621664820139e-11,3.0473429984915452e-12,-2.229854657005143e-12,2.1251276779082342e-11,5.396529197304201e-13,1.6049720490369899e-12
-1.6878692031284435e-11,3.5566795981091357e-12,-2.566666314585845e-12,2.3965496476892332e-11,5.91051379679894e-13,1.6802094047695866e-12
-1.9860790016565232e-11,4.151095863258225e-12,-2.9544188173609014e-12,2.702646459347323e-11,6.474215936421727e-13,1.758903651400805e-12
-2.336989894238649e-11,4.84477539534471e-12,-3.4008426001380856e-12,3.04783415561034e-11,7.091397313880554e-13,1.841270539756936e-12
-2.7499122530878755e-11,5.654434686851966e-12,-3.914591790052446e-12,3.437106912202353e-11,7.767116338789212e-13,1.9274050773343164e-12
-3.2358044745267166e-11,6.599538868941908e-12,-4.505799149139307e-12,3.87609799375487e-11,8.507372718272343e-13,2.0174533083319487e-12
-3.807569574423234e-11,7.702632342742355e-12,-5.186366272882549e-12,4.371155027305757e-11,9.317664464717412e-13,2.11168479050705e-12
-4.480372954073637e-11,8.98997658040649e-12,-5.969714731730644e-12,4.929450115639982e-11,1.0204957691362452e-12,2.2103360911408066e-12
-5.272071064439667e-11,1.0492520763749884e-11,-6.871303030597489e-12,5.5590526263612585e-11,1.1177391118634875e-12,2.3136665188320064e-12
-6.203683033509346e-11,1.2246263285487477e-11,-7.90902091304226e-12,6.269068903545079e-11,1.2242429927423938e-12,2.4217735446272876e-12
-7.299966438014263e-11,1.429305192312346e-11,-9.103451894353358e-12,7.069771505591912e-11,1.3408257206627809e-12,2.534947830149958e-12
-8.589913687206964e-11,1.6681865874175223e-11,-1.0478260659003615e-11,7.972755366257167e-11,1.4685149395479649e-12,2.653383407141278e-12
-1.0107806340004636e-10,1.9469769064815327e-11,-1.206068756128186e-11,8.991068733765235e-11,1.6083247210914957e-12,2.777416358181514e-12
-1.189392465594576e-10,2.2723627839968392e-11,-1.3882019231243036e-11,1.0139445355314244e-10,1.76154049704213e-12,2.9072337663491255e-12
-1.399559390052601e-10,2.652137914813553e-11,-1.5978441946378593e-11,1.143449876491994e-10,1.9294398027212423e-12,3.0430797599974934e-12
-1.6468593230749168e-10,3.095380281510968e-11,-1.8391512835616777e-11,1.2894961878619981e-10,2.113292360530362e-12,3.1853556658539884e-12
-1.937852917321883e-10,3.612693120743149e-11,-2.1169006828314772e-11,1.4541972579809352e-10,2.3146170298741844e-12,3.3342200895105545e-12
-2.2802562756709947e-10,4.2164662411937557e-11,-2.4366114651646183e-11,1.6399347555428814e-10,2.5350940784301938e-12,3.490004303579144e-12
-2.6831626493046127e-10,4.921153969110009e-11,-2.8046202211222916e-11,1.849394821978529e-10,2.7765665804263696e-12,3.653120737142578e-12
-3.157255278460495e-10,5.7436164829026666e-11,-3.2282163322681346e-11,2.0856078861073388e-10,3.0409565626123496e-12,3.8238399358093656e-12
-3.715112432195586e-10,6.703542178223808e-11,-3.715792421258148e-11,2.3519908035755653e-10,3.3305660662816074e-12,4.002449769347274e-12
-4.3715296946968984e-10,7.82390871118086e-11,-4.2770061801071045e-11,2.652398474932761e-10,3.647758575957581e-12,4.189363673354449e-12
-5.143929798115138e-10,9.131519853776744e-11,-4.9229886210777414e-11,2.9911765500793995e-10,3.9951209627046955e-12,4.3849375267647614e-12
-6.052801209877419e-10,1.0657669537427243e-10,-5.666534069085833e-11,3.3732242057897277e-10,4.375483508019512e-12,4.589523839968215e-12
-7.122260863216677e-10,1.2438894649665004e-10,-6.522376176089455e-11,3.8040692058469997e-10,4.791973431427292e-12,4.803499133296983e-12
-8.380678933795195e-10,1.4517822546350855e-10,-7.507485932290567e-11,4.2899441565359423e-10,5.248106699466679e-12,5.027422850554873e-12
-9.86143844368237e-10,1.6944210988385198e-10,-8.641384105772081e-11,4.83787767678206e-10,5.747637181131117e-12,5.26176636079742e-12
-1.160382400985518e-09,1.9776124567498288e-10,-9.946545274470279e-11,5.455795903151623e-10,6.294689453099909e-12,5.506997814470559e-12
-1.3654058012474252e-09,2.3081338330140352e-10,-1.1448835136692829e-10,6.152638342450305e-10,6.893778597959136e-12,5.7636999874751734e-12
-1.606654548995002e-09,2.6938976318205044e-10,-1.3178025959890131e-10,6.938486295494321e-10,7.549918658954308e-12,6.032488356769075e-12
-1.8905296218846322e-09,3.144134704808229e-10,-1.5168386360465398e-10,7.824706516709781e-10,8.268584582142122e-12,6.313889210588307e-12
-2.2245623585439994e-09,3.669620231530754e-10,-1.745937422409722e-10,8.824118774556051e-10,9.055691463535041e-12,6.608429628971395e-12
-2.617614372734321e-09,4.28292972677184e-10,-2.009638809722355e-10,9.951180966130457e-10,9.917753737054517e-12,6.916527270729264e-12
-3.0801143521673015e-09,4.998741942029085e-10,-2.3131680958294537e-10,1.1222197214398171e-09,1.0861829825867689e-11,7.238952638212407e-12
-3.624332608249024e-09,5.834188110419753e-10,-2.662541688234903e-10,1.2655553047509045e-09,1.1895610456143233e-11,7.576430594217535e-12
-4.264708328911687e-09,6.80926400385694e-10,-3.0646841986520887e-10,1.4271983767929598e-09,1.3027683825135196e-11,7.929641387414496e-12
-5.0182307025605845e-09,7.947306090904865e-10,-3.527565985209934e-10,1.6094873250010062e-09,1.4267508871848576e-11,8.29934442880005e-12
-5.904891375653285e-09,9.275549883167118e-10,-4.0603609810923115e-10,1.8150591758917699e-09,1.562541363460328e-11,8.686194781903683e-12
-6.948214507243484e-09,1.0825783122565892e-09,-4.673626928764564e-10,2.0468878125419853e-09,1.7112690603896194e-11,9.091018399708302e-12
-8.175880606517296e-09,1.263510837373536e-09,-5.379518443219593e-10,2.308326897791397e-09,1.8741516828891662e-11,9.514691810791996e-12
-9.620460397873799e-09,1.4746828819077756e-09,-6.192028092321337e-10,2.603158372381713e-09,2.052527097162476e-11,9.958144246255389e-12
-1.1320280146421452e-08,1.7211484185620881e-09,-7.127258371278372e-10,2.9356471804982954e-09,2.2478839573392623e-11,1.0422158791641146e-11
-1.3320437150392179e-08,2.0088060305876664e-09,-8.203743761295965e-10,3.3106031472652246e-09,2.4618426501068957e-11,1.0907736358909334e-11
-1.5673997440123978e-08,2.3445402427739863e-09,-9.442819563629628e-10,3.733450367491165e-09,2.6961748517644578e-11,1.1415903669329746e-11
-1.8443403052775547e-08,2.7363860875462875e-09,-1.0869043772631752e-09,4.210305663266078e-09,2.952809865109113e-11,1.1947601605693662e-11
-2.1702129475837172e-08,3.1937215039982466e-09,-1.251068256589143e-09,4.7480674152579e-09,3.233858175162467e-11,1.2504150868056061e-11
-2.5536633687125625e-08,3.727491971013775e-09,-1.4400272480181325e-09,5.354514684394878e-09,3.541655202196846e-11,1.308660708550839e-11
-3.004864880111011e-08,4.350472242755701e-09,-1.6575264675328097e-09,6.038420300526265e-09,3.8787639633653924e-11,1.369608899575504e-11
-3.5357882700819166e-08,5.077571984587552e-09,-1.9078762948355474e-09,6.8096778160112e-09,4.247956733614525e-11,1.4334102698067663e-11
-4.1605195144307534e-08,5.926192745892583e-09,-2.1960385288567843e-09,7.67944424957054e-09,4.652291080588971e-11,1.5001970837644983e-11
-4.895633214872186e-08,6.916644475037249e-09,-2.5277243505080504e-09,8.660301589665672e-09,5.095120179082121e-11,1.5700971282130117e-11
-5.7606326440069606e-08,8.072631650126019e-09,-2.9095074863670397e-09,9.766439008859246e-09,5.5801021133236364e-11,1.6432449761928218e-11
-6.778467030176254e-08,9.421820336301022e-09,-3.348954546806806e-09,1.1013857894915779e-08,6.11124771699827e-11,1.7197874621967937e-11
-7.976140544489105e-08,1.0996500419226105e-08,-3.854775094265423e-09,1.2420603409015796e-08,6.69295529793689e-11,1.7998825298641756e-11
-9.385428508572657e-08,1.2834358631953803e-08,-4.436993836845878e-09,1.4007025571381183e-08,7.3300338167541e-11,1.883706333704426e-11
-1.104372063161073e-07,1.497938018138739e-08,-5.1071499012127895e-09,1.5796073534843226e-08,8.027751477813929e-11,1.97142936647923e-11
-1.2995012904923865e-07,1.7482901657837107e-08,-5.8785250551264105e-09,1.7813627684473908e-08,8.791867127485023e-11,2.063230742193563e-11
-1.529107492956006e-07,2.0404839496144045e-08,-6.766407295295917e-09,2.008887405996509e-08,9.628705773688555e-11,2.159304921004669e-11
-1.799282344873964e-07,2.3815124217929866e-08,-7.788393730016664e-09,2.2654726398650517e-08,1.0545198740128129e-10,2.2598479423802445e-11
-2.1171938333354723e-07,2.7795373758373302e-08,-8.964739275369571e-09,2.554830232040513e-08,1.1548920060130959e-10,2.365075289946547e-11
-2.491276453180809e-07,3.244084707218961e-08,-1.0318758255843741e-08,2.8811460389588916e-08,1.2648180321393256e-10,2.4752067893503217e-11
-2.9314549627326026e-07,3.78627239744495e-08,-1.1877286235452418e-08,3.2491405459754776e-08,1.3852073740069144e-10,2.590464835332699e-11
-3.449407702635824e-07,4.4190765607490716e-08,-1.3671211651220774e-08,3.664137168908714e-08,1.517056127497483e-10,2.7110841346598847e-11
-4.0588764552924167e-07,5.157642031466423e-08,-1.5736088588504365e-08,4.1321392519304726e-08,1.661454952889498e-10,2.8373117312101078e-11
-4.77603098036348e-07,6.019644814527395e-08,-1.8112841170125086e-08,4.6599169204901985e-08,1.8195986777099573e-10,2.9694139576301426e-11
-5.619898060253084e-07,7.025715128785094e-08,-2.0848574591596335e-08,5.2551050182449297e-08,1.9927959929248242e-10,3.1076752702414663e-11
-6.612866266120746e-07,8.199931148437421e-08,-2.3997508800609225e-08,5.926313545655797e-08,2.1824788892763758e-10,3.252389587087062e-11
-7.781279976235442e-07,9.57039526639025e-08,-2.7622052702822194e-08,6.683252205492871e-08,2.390217159191578e-10,3.403856269379728e-11
-9.156138298933303e-07,1.1169906656648327e-07,-3.1794041627717896e-08,7.536870873654339e-08,2.617729772346759e-10,3.562369118662814e-11
-1.077391750382296e-06,1.3036746252884505e-07,-3.6596160886443594e-08,8.499518022511583e-08,2.8668987455460225e-10,3.7282629033578465e-11
-1.267753877407223e-06,1.5215592940290807e-07,-4.2123584308717834e-08,9.585119325542026e-08,3.1397855775163395e-10,3.901894951095266e-11
-1.4917506960715575e-06,1.7758592829946015e-07,-4.8485860664683605e-08,1.0809379090435693e-07,3.4386467326883183e-10,4.08362254443851e-11
-1.755325050214175e-06,2.0726607266030847e-07,-5.5809084689510165e-08,1.219000748336267e-07,3.765955290852266e-10,4.273810661743736e-11
-2.065469813772529e-06,2.419066942489495e-07,-6.42383962878621e-08,1.3746976702012908e-07,4.1244196956811154e-10,4.472855458534379e-11
-2.430413416199478e-06,2.8233684330940314e-07,-7.3940857138698e-08,1.5502809876679742e-07,4.517005418037586e-10,4.681163429510493e-11
-2.859838149907162e-06,3.295241302948081e-07,-8.510876158661847e-08,1.7482906914607006e-07,4.946960790240522e-10,4.8991758247863337e-11
-3.3651370523802237e-06,3.8459788349017435e-07,-9.796344786438322e-08,1.9715911918066546e-07,5.417842717395044e-10,5.1273448060828446e-11
-3.959716172245845e-06,4.488761768775201e-07,-1.1275968467038403e-07,2.2234127553042417e-07,5.933545924006943e-10,5.366144709068907e-11
-4.65935024450873e-06,5.238973758096861e-07,-1.29790720335116e-07,2.507398235188524e-07,6.49833621041824e-10,5.616063879820567e-11
-5.482601206967216e-06,6.114569540665138e-07,-1.4939409510687025e-07,2.8276557666692434e-07,7.116885401810835e-10,5.877625008954524e-11
-6.451310666159765e-06,7.136504650471466e-07,-1.7195833058425502e-07,3.188818196264396e-07,7.794311158145908e-10,6.151378093346685e-11
-7.591179373205264e-06,8.329236939098781e-07,-1.979306299425924e-07,3.596110099164977e-07,8.536218626157462e-10,6.437882161505982e-11
-8.932449086226904e-06,9.721311920553884e-07,-2.2782574112721377e-07,4.0554233557978957e-07,9.348745947881384e-10,6.737726553011814e-11
-1.0510704907163372e-05,1.134604594331464e-06,-2.622361586165729e-07,4.573402383504568e-07,1.0238615103194207e-09,7.051542047620082e-11
-1.2367819380440851e-05,1.3242323540003121e-06,-3.018438657793269e-07,5.157540252975519e-07,1.1213189119374912e-09,7.379983442597881e-11
-1.4553063397734458e-05,1.5455528034220948e-06,-3.4743385097212846e-07,5.816287078519972e-07,1.2280530226375073e-09,7.723724067346462e-11
-1.712441338609115e-05,1.8038627676449001e-06,-3.9990966514977034e-07,6.559172252141047e-07,1.3449468279545215e-09,8.08345960051259e-11
-2.0150089445052102e-05,2.105344329966206e-06,-4.6031132865695084e-07,7.396942286453402e-07,1.4729674459493947e-09,8.459951258172773e-11
-2.3710365244399848e-05,2.457212782605274e-06,-5.298359426341816e-07,8.341716261297055e-07,1.6131739023691782e-09,8.853982124434237e-11
-2.7899697690094237e-05,2.8678893024209297e-06,-6.098614132498724e-07,9.407161119853682e-07,1.766726165362202e-09,9.266357243826861e-11
-3.2829232841451313e-05,3.3472024829930134e-06,-7.019737582531887e-07,1.0608689342721983e-06,1.934894496931747e-09,9.697937117015611e-11
-3.8629754542254035e-05,3.9066235442072985e-06,-8.079985374237293e-07,1.1963681862106362e-06,2.119069967130879e-09,1.0149622450645867e-10
-4.545515395865787e-05,4.559540844471045e-06,-9.300370282500588e-07,1.3491739426274124e-06,2.3207761906729405e-09,1.0622350917757793e-10
-5.348651201315409e-05,5.32158026057726e-06,-1.0705078633068455e-06,1.521496603941655e-06,2.541681803756168e-09,1.1117103350954976e-10
-6.293690293556709e-05,6.210979093989034e-06,-1.2321949530979744e-06,1.7158288563625604e-06,2.7836141336695362e-09,1.1634903187035715e-10
-7.405704622321194e-05,7.2490224386786104e-06,-1.4183026418682452e-06,1.9349817078724278e-06,3.0485743835713217e-09,1.2176831309825656e-10
-8.714195672841144e-05,8.460552432292343e-06,-1.6325191853284536e-06,2.1821251158187937e-06,3.338754133147331e-09,1.2743997359001103e-10
-0.00010253876894180465,9.874562546320545e-06,-1.879089803142126e-06,2.4608337901004185e-06,3.65655327917443e-09,1.3337581517875707e-10
-0.00012065594247988415,1.1524891085713918e-05,-2.1629007456435347e-06,2.7751388234479032e-06,4.0046001217514835e-09,1.395881232715895e-10
-0.00014197409208393095,1.3451030415094494e-05,-2.4895760268281957e-06,3.12958588172627e-06,4.385772676747088e-09,1.4608963477649005e-10
-0.00016705872802930317,1.5699071149980367e-05,-2.8655887197631263e-06,3.5293007748505116e-06,4.803222357869572e-09,1.5289380587770185e-10
-0.0001965752426763376,1.832280371278046e-05,-3.2983889894920125e-06,3.9800633241411e-06,5.260399551432018e-09,1.600147004462789e-10
-0.00023130653718136465,2.138500330470561e-05,-3.7965513507163422e-06,4.488390546590861e-06,5.76108167649624e-09,1.674669074099157e-10
-0.0002721737503565154,2.4958928559758558e-05,-4.36994399253014e-06,5.061630284274041e-06,6.309403986106509e-09,1.7526566403343403e-10
-0.00032026063069314794,2.9130068985094893e-05,-5.029923408021704e-06,5.708066521692922e-06,6.909893017113123e-09,1.834269294468928e-10
-0.0003768421840590394,3.399818181593236e-05,-5.789558005569317e-06,6.437037745284057e-06,7.567502022427322e-09,1.9196722038593852e-10
-0.00044341833489134795,3.96796651666305e-05,-6.663884853384673e-06,7.259069801452312e-06,8.287650003454363e-09,2.009038122943412e-10
-0.0005217534588683407,4.631032135473041e-05,-7.670204213038831e-06,8.186024788020294e-06,9.076263311901557e-09,2.102546835363401e-10
-0.000613922780625793,5.404857196837547e-05,-8.828417034893177e-06,9.231267549255107e-06,9.93981958092499e-09,2.2003808539696183e-10
-0.0007223667803791914,6.307919448820577e-05,-1.0161411076517808e-05,1.0409851300848074e-05,1.0885395020245543e-08,2.3027292951564418e-10
-0.0008499549156898809,7.361765874781034e-05,-1.1695501716280692e-05,1.1738723740219975e-05,1.1920712570411801e-08,2.4097856582960663e-10
-0.0010000601330069044,8.59151496196714e-05,-1.3460933765291561e-05,1.3236954616977177e-05,1.3054190779982888e-08,2.5217454928855987e-10
-0.0011766458061889071,0.00010026436899914526,-1.549245048093393e-05,1.4925985035067103e-05,1.429499153611639e-08,2.638802156878983e-10
-0.0013843668750586678,0.00011700621367794223,-1.7829935311543488e-05,1.6829897551181962e-05,1.5653064197718105e-08,2.7611461758687933e-10
-0.0016286870306431941,0.0001365374231982083,-2.0519130282933145e-05,1.8975704158900694e-05,1.713918104407358e-08,2.8889594648290507e-10
-0.0019160137468844807,0.0001593192787347612,-2.3612431790148118e-05,2.139364612287694e-05,1.8764958156995078e-08,3.02240356911345e-10
-0.0022538526985243714,0.00018588740342565985,-2.716975903030253e-05,2.4117494785037736e-05,2.0542851409217948e-08,3.1616115894511737e-10
-0.0026509824870565323,0.0002168626556349423,-3.12594811216272e-05,2.7184835116086733e-05,2.248611462780387e-08,3.30667225542277e-10
-0.003117649401784577,0.0002529630034250945,-3.5959374257484804e-05,3.063730283102653e-05,2.460869910531521e-08,3.457605577088605e-10
-0.0036657798482223345,0.00029501609802056996,-4.1357557488576974e-05,3.452072987725616e-05,2.692506479856765e-08,3.614333533582745e-10
-0.004309204624507263,0.00034397199440903677,-4.755332149134129e-05,3.888513024662823e-05,2.9449863223329946e-08,3.776639371821693e-10
-0.005063883808451571,0.00040091505717854505,-5.4657714799706826e-05,4.378442641131167e-05,3.219743642094031e-08,3.9441092870562725e-10
-0.005948112893902168,0.00046707349133343523,-6.279368206466668e-05,4.927577466105939e-05,3.518105828535467e-08,4.1160545055345423e-10
-0.00698267924157896,0.0005438241074182324,-7.209545591464361e-05,5.54182952749949e-05,3.8411823305909926e-08,4.2914114366545106e-10
-0.00819092247384692,0.0006326888543722661,-8.270678960271782e-05,6.227095480140328e-05,4.189707151447858e-08,4.4686146525359983e-10
-0.00959863375735984,0.0007353184006273714,-9.477749443911902e-05,6.988929465100671e-05,4.563823135514916e-08,4.64543796419161e-10
-0.011233709809532528,0.0008534568492916383,-0.00010845764700086939,7.832067789833548e-05,4.962798027285604e-08,4.818805073519668e-10
-0.013125464587237307,0.000988881047395082,-0.00012388882051369703,8.759777795139273e-05,5.384669258547035e-08,4.984583087007318e-10
-0.015303506780441494,0.0011433087544699117,-0.00014119187288178607,9.773021907973012e-05,5.825828687864776e-08,5.137382813200354e-10
-0.017796130617216552,0.0013182732942787173,-0.00016045130939277256,0.00010869466026022772,6.280582040516586e-08,5.270408193943495e-10
-0.020628255762517252,0.001514969142746326,-0.00018169710731236904,0.00012042420716194305,6.740749158706215e-08,5.375410335693567e-10
-0.023819089492566,0.001734082972024482,-0.00020488606542060436,0.00013279874787092513,7.195401790356265e-08,5.442821335633762e-10
-0.027379840607783874,0.0019756355064898716,-0.00022988588446725894,0.00014563838015840648,7.630850605636916e-08,5.462117240374237e-10
-0.031311924110552815,0.0022388662792174425,-0.0002564657104226348,0.0001587021612868748,8.030974278593968e-08,5.422439479324306e-10
-0.03560608176244667,0.0025221906918258246,-0.0002842962197727473,0.00017169368048771083,8.377923325795926e-08,5.313431795343444e-10
-0.040242670560434506,0.0028232447218048003,-0.00031296039779530645,0.0001842734970974755,8.653142887635649e-08,5.126190090335762e-10
-0.0451930872411236,0.003139011395878898,-0.00034197358390434325,0.00019607681879337495,8.838576392119691e-08,4.854182748535389e-10
-0.05042202007397704,0.003466003611527925,-0.00037080921532627726,0.00020673362299596196,8.917871572305487e-08,4.4939902060543784e-10
-0.05589006447904962,0.0038004680681486386,-0.0003989258534263396,0.00021588820401422328,8.877425914517795e-08,4.045786582095731e-10
-0.06155624802191323,0.004138577289558305,-0.0004257916537482938,0.00022321579730673867,8.70716634805259e-08,3.5135144444606517e-10
-0.067380140882689,0.0044765873139613575,-0.000450903895374979,0.00022843504138451992,8.401027081971978e-08,2.9047860139815545e-10
-0.07332339934207882,0.004810951521244858,-0.0004738027699021298,0.0002313160918562065,7.957145389745084e-08,2.230556738596128e-10
-0.07935073549132683,0.005138391542547223,-0.0004940798240935687,0.00023168491033395865,7.377825855957003e-08,1.5046415290136931e-10
-0.08543039673641778,0.00545593237427671,-0.0005113820890125096,0.00022942456635987072,6.669332078531054e-08,7.431379495883684e-11
-0.09153427556126749,0.005760911061552896,-0.0005254131008000476,0.00022447441259755617,5.841559346698105e-08,-3.6205227807057404e-12
-0.09763776995954578,0.006050967953348106,-0.0005359319044542256,0.00021682785720006695,4.9076301400988285e-08,-8.14634932876327e-11
-0.10371949578499096,0.006324027899375762,-0.0005427508949098378,0.00020652926942898065,3.883442225962625e-08,-1.5730251790061048e-10
-0.10976092705436788,0.006578276793617947,-0.0005457330957933157,0.0001936703777416407,2.7871896230155822e-08,-2.2924876829471605e-10
-0.11574601635484866,0.006812137078452094,-0.0005447892582829725,0.0001783863799688866,1.6388694243682664e-08,-2.9549452749291177e-10
-0.12166082808793703,0.007024244404396211,-0.0005398749975041306,0.00016085188729608136,4.597834726152927e-09,-3.5436568056399596e-10
-0.12749320293860916,0.007213426615556325,-0.0005309880698015779,0.00014127676176058703,-7.2795856671794585e-09,-4.043685626825316e-10
-0.1332324621123728,0.007378685543163349,-0.0005181658214707901,0.00011990187202801958,-1.90192931977214e-08,-4.442308301151531e-10
-0.13886915356091395,0.0075191816598873225,-0.0005014827971486162,9.699477584114411e-05,-3.039861834206485e-08,-4.729353946533835e-10
-0.1443948386488834,0.007634221401137424,-0.00048104847447126174,7.284533297322885e-05,-4.120110386981338e-08,-4.897475215561145e-10
-0.1498019156922999,0.007723246835841707,-0.0004570050834164332,4.776125480536239e-05,-5.122088641418761e-08,-4.942337684141709e-10
-0.15508347591065016,0.007785827323399497,-0.0004295254686503685,2.2063602435100678e-05,-6.026679450424672e-08,-4.862729853499238e-10
-0.16023318714398446,0.007821652794254062,-0.00039881095760038027,-3.917747676100038e-06,-6.816610739712319e-08,-4.660597022055288e-10
-0.16524520089615563,0.00783052831787848,-0.00036508920355782736,-2.9848644418156542e-05,-7.476792062249932e-08,-4.3409910748320207e-10
-0.17011407868210118,0.0078123696604780616,-0.000328611980440294,-5.5395176695148504e-05,-7.994606610234174e-08,-3.9119385607133117e-10
-0.1748347341586832,0.0077671995771536355,-0.000289652913061195,-8.022812447875804e-05,-8.360154130919921e-08,-3.3842356997923336e-10
-0.1794023880325356,0.007695144624891943,-0.00024850513343148574,-0.0001040273048908414,-8.566440693576651e-08,-2.771177417008971e-10
-0.18381253322364519,0.007596432321021637,-0.0002054788595299365,-0.00012648576952092327,-8.609512347274686e-08,-2.088217640780966e-10
-0.18806090820002977,0.007471388505582338,-0.0001608988980572964,-0.00014731380807208919,-8.488530298572307e-08,-1.3525806951689343e-10
-0.19214347677896287,0.007320434795105431,-0.00011510207696440997,-0.00016624271354982067,-8.205786488497834e-08,-5.828212609922519e-11
-0.1960564130137443,0.00714408603978907,-6.843461705885448e-05,-0.00018302826544798882,-7.766659385711665e-08,2.0164182872409755e-11
-0.1997960900553234,0.0069429477163791345,-2.124945483099923e-05,-0.00019745388962769418,-7.179510930725004e-08,9.810174427387048e-11
-0.20335907210136486,0.006717713205777009,2.609646912008039e-05,-0.00020933345670889875,-6.45552663476961e-08,1.7356413241869272e-10
-0.2067421087272759,0.006469160918010941,7.32449399684684e-05,-0.0002185136846835802,-5.608501914936129e-08,2.4464733767994033e-10
-0.2099421310412869,0.0061981512382475075,0.00011983919949632749,-0.00022487611600023437,-4.654578758951329e-08,3.0955768448547297e-10
-0.21295624922373999,0.0059056232764275705,0.0001655266596668532,-0.00022833864445066324,-3.6119377447190083e-08,3.6665732657664764e-10
-0.21578175110552295,0.005592591410291911,0.0002099615802008331,-0.00022885657270964226,-2.5004512318642473e-08,4.1450545843478645e-10
-0.2184161015152604,0.0052601416173396615,0.00025280769120779583,-0.00022642318723103792,-1.3413043990365531e-08,4.5189466673208557e-10
-0.22085694218456345,0.0049094275959217625,0.00029374074197458606,-0.00022106984329211583,-1.5659123176505684e-09,4.778815407377479e-10
-0.22310209204683448,0.004541666679422733,0.0003324509573051118,-0.0002128655592028653,1.031106708110737e-08,4.918103041180817e-10
-0.22514954780235213,0.0041581355505329,0.0003686453833064016,-0.00020191612496843708,2.1991507821359462e-08,4.933293827799303e-10
-0.22699748465024197,0.0037601657650739016,0.00040205010520874416,-0.00018836273691853511,3.3252768360242e-08,4.824005401574355e-10
-0.22864425711129874,0.003349139096862145,0.0004324123206726828,-0.0001723801759074806,4.388019666988254e-08,4.592994972961505e-10
-0.23008839988164081,0.0029264827167310844,0.0004595022530543815,-0.00015417455256387227,5.367122171455192e-08,4.2460904786269175e-10
-0.23132862867259554,0.002493664220195835,0.0004831148902609477,-0.00013398064864636867,6.243921518054998e-08,3.7920471538025323e-10
-0.23236384099997637,0.002052186519335184,0.0005030715361052413,-0.00011205888877046811,7.001704878046945e-08,3.2423216464339546e-10
-0.23319311689809444,0.0016035826153982492,0.0005192211624731667,-8.869198153751939e-05,7.626027992267687e-08,2.6107841726872193e-10
-0.23381571953357824,0.0011494102693512444,0.0005314415520886761,-6.418127336374366e-05,8.104990504902637e-08,1.9133695182074294e-10
-0.23423109571075024,0.000691246588225322,0.00053964022326543,-3.8842862014718725e-05,8.429462812062508e-08,1.167675325347823e-10
-0.2344388762381083,0.0002306825455269453,0.0005437551296116965,-1.3003519951020121e-05,8.593260052663649e-08,3.9251789267788193e-11
-0.23443887623810575,-0.00023068254558008077,0.0005437551296120702,1.3003519951221676e-05,8.59326004096617e-08,-3.9254318433347404e-11
-0.23423109571074358,-0.0006912465882783203,0.0005396402232665967,3.884286201484007e-05,8.429462786530583e-08,-1.167699850758576e-10
-0.23381571953356847,-0.0011494102694041232,0.0005314415520906698,6.41812733637386e-05,8.104990484192039e-08,-1.9133923216070153e-10
-0.23319311689808236,-0.0016035826154508286,0.0005192211624756451,8.869198153734715e-05,7.626027981277266e-08,-2.610805535656971e-10
-0.2323638409999642,-0.0020521865193874373,0.0005030715361082379,0.00011205888877004377,7.001704877821263e-08,-3.242340577578579e-10
-0.2313286286725845,-0.002493664220247857,0.00048311489026455173,0.00013398064864574293,6.243921525809182e-08,-3.792061416695568e-10
-0.2300883998816312,-0.0029264827167827545,0.0004595022530586943,0.00015417455256315572,5.367122190810574e-08,-4.2460976621759847e-10
-0.22864425711129,-0.00334913909691349,0.00043241232067740907,0.0001723801759067382,4.388019698869349e-08,-4.5929942124534306e-10
-0.22699748465023367,-0.003760165765124787,0.0004020501052136311,0.00018836273691774232,3.3252768842072245e-08,-4.823997501158101e-10
-0.22514954780234292,-0.004158135550583279,0.00036864538331124875,0.00020191612496773048,2.199150856047751e-08,-4.93327857304014e-10
-0.22310209204682505,-0.004541666679472415,0.0003324509573097708,0.00021286555920237117,1.0311068080356145e-08,-4.918080816186555e-10
-0.22085694218455354,-0.004909427595970741,0.0002937407419791442,0.00022106984329198684,-1.5659111844532647e-09,-4.778789561772498e-10
-0.21841610151524973,-0.005260141617387944,0.0002528076912122527,0.00022642318723134567,-1.3413042899598493e-08,-4.518917995431364e-10
-0.21578175110551223,-0.005592591410339476,0.00020996158020515274,0.00022885657271051792,-2.5004511309680117e-08,-4.1450230100789024e-10
-0.21295624922372977,-0.005905623276474351,0.00016552665967089485,0.00022833864445226943,-3.611937626629782e-08,-3.666539518457576e-10
-0.20994213104127726,-0.006198151238293358,0.00011983919949998637,0.0002248761160025331,-4.6545786262299545e-08,-3.095541314637853e-10
-0.20674210872726648,-0.006469160918055746,7.324493997179207e-05,0.00021851368468668432,-5.6085017741188e-08,-2.4464372042499787e-10
-0.20335907210135656,-0.0067177132058208995,2.6096469123015044e-05,0.00020933345671293334,-6.455526490690418e-08,-1.7356047732206952e-10
-0.19979609005531626,-0.006942947716422005,-2.1249454828633882e-05,0.0001974538896325277,-7.179510792321412e-08,-9.809808647025068e-11
-0.1960564130137361,-0.0071440860398307585,-6.84346170568861e-05,0.00018302826545347383,-7.766659245326993e-08,-2.0160721645498706e-11
-0.19214347677895352,-0.00732043479514608,-0.00011510207696272827,0.00016624271355598214,-8.205786342439515e-08,5.828527735940259e-11
-0.1880609082000212,-0.0074713885056220414,-0.0001608988980556733,0.00014731380807905163,-8.488530148047841e-08,1.352607863474476e-10
-0.18381253322363691,-0.007596432321060427,-0.00020547885952831234,0.00012648576952870892,-8.609512194314537e-08,2.088238684765563e-10
-0.17940238803252537,-0.007695144624929796,-0.00024850513342980203,0.0001040273048992775,-8.566440545076998e-08,2.7711904119686354e-10
-0.17483473415867254,-0.007767199577190545,-0.00028965291305946045,8.022812448757779e-05,-8.360153983133993e-08,3.3842405923243083e-10
-0.170114078682092,-0.007812369660514129,-0.00032861198043877306,5.539517670433432e-05,-7.994606470060292e-08,3.911935574934024e-10
-0.1652452008961472,-0.007830528317913739,-0.00036508920355670825,2.9848644427485183e-05,-7.476791916892282e-08,4.3409793986907655e-10
-0.16023318714397636,-0.007821652794288559,-0.00039881095759961753,3.917747685567298e-06,-6.816610593924311e-08,4.66057631147592e-10
-0.15508347591064245,-0.00778582732343327,-0.0004295254686501083,-2.206360242549285e-05,-6.026679309823419e-08,4.862700552872617e-10
-0.14980191569229137,-0.007723246835874637,-0.0004570050834166855,-4.77612547955601e-05,-5.122088512980699e-08,4.942302490861154e-10
-0.1443948386488755,-0.007634221401169391,-0.00048104847447199585,-7.284533296338347e-05,-4.1201102539605104e-08,4.897434781650073e-10
-0.13886915356090773,-0.007519181659918379,-0.0005014827971500444,-9.699477583132806e-05,-3.039861692285194e-08,4.729307263291416e-10
-0.13323246211237028,-0.007378685543193395,-0.0005181658214728397,-0.00011990187201835091,-1.9019291817775354e-08,4.442256731975882e-10
-0.12749320293861152,-0.007213426615585356,-0.0005309880698041502,-0.00014127676175117296,-7.279584379567361e-09,4.04362955141271e-10
-0.12166082808794362,-0.007024244404424149,-0.0005398749975074317,-0.00016085188728690982,4.597835841262534e-09,3.543597473603731e-10
-0.11574601635485958,-0.006812137078478957,-0.0005447892582869358,-0.0001783863799600696,1.638869521845186e-08,2.9548832500972595e-10
-0.10976092705438342,-0.006578276793643708,-0.000545733095797855,-0.00019367037773312408,2.7871897177289875e-08,2.29242449614636e-10
-0.1037194957850099,-0.006324027899400259,-0.0005427508949148966,-0.00020652926942081086,3.883442304433245e-08,1.57296354417033e-10
-0.09763776995956706,-0.0060509679533712795,-0.0005359319044597246,-0.00021682785719234855,4.90763020470288e-08,8.145765984377341e-11
-0.09153427556129116,-0.0057609110615747874,-0.000525413100805979,-0.00022447441259019644,5.8415594208398945e-08,3.6149776996917527e-12
-0.08543039673644304,-0.005455932374297305,-0.0005113820890189404,-0.00022942456635284452,6.669332155010457e-08,-7.431903084500085e-11
-0.07935073549135276,-0.005138391542566577,-0.0004940798241005791,-0.00023168491032737437,7.377825937058183e-08,-1.5046892415122883e-10
-0.07332339934210574,-0.004810951521263032,-0.0004738027699096563,-0.0002313160918498181,7.95714549227334e-08,-2.2305995588472406e-10
-0.06738014088271663,-0.004476587313978206,-0.0004509038953828343,-0.000228435041378424,8.401027205331017e-08,-2.9048243587295157e-10
-0.06155624802194043,-0.004138577289573755,-0.0004257916537563136,-0.0002232157973009973,8.707166486413894e-08,-3.513545385014193e-10
-0.0558900644790767,-0.0038004680681627007,-0.0003989258534344092,-0.00021588820400866648,8.877426057729221e-08,-4.0458102527465987e-10
-0.05042202007400456,-0.003466003611540591,-0.000370809215334354,-0.00020673362299065474,8.917871709042287e-08,-4.4940072448990956e-10
-0.04519308724115083,-0.0031390113958903007,-0.00034197358391233176,-0.00019607681878842874,8.838576539662678e-08,-4.85419250126498e-10
-0.04024267056046141,-0.002823244721815028,-0.00031296039780336554,-0.0001842734970927616,8.653143047767909e-08,-5.126192959185129e-10
-0.03560608176247233,-0.0025221906918349917,-0.0002842962197808192,-0.00017169368048324587,8.37792349787809e-08,-5.313428228305245e-10
-0.031311924110577184,-0.0022388662792255857,-0.00025646571043043257,-0.00015870216128281286,8.03097446359414e-08,-5.422430601430681e-10
-0.027379840607807345,-0.0019756355064971735,-0.00022988588447473007,-0.00014563838015484808,7.630850794229286e-08,-5.462103814943247e-10
-0.02381908949258877,-0.0017340829720309406,-0.00020488606542776001,-0.00013279874786773787,7.195401981049422e-08,-5.442802996933439e-10
-0.020628255762539335,-0.0015149691427519456,-0.00018169710731919247,-0.00012042420715921896,6.740749344906604e-08,-5.375388885149876e-10
-0.01779613061723804,-0.0013182732942836402,-0.00016045130939900954,-0.00010869466025790522,6.280582218471207e-08,-5.270384283953295e-10
-0.015303506780462783,-0.0011433087544741878,-0.00014119187288729094,-9.773021907772058e-05,5.8258288571612386e-08,-5.137357493703584e-10
-0.013125464587258375,-0.0009888810473987703,-0.0001238888205184963,-8.759777794956243e-05,5.384669414945512e-08,-4.984556027969909e-10
-0.011233709809552404,-0.000853456849294826,-0.0001084576470050615,-7.832067789670285e-05,4.9627981735330765e-08,-4.818776317119282e-10
-0.00959863375737777,-0.0007353184006299754,-9.477749444287423e-05,-6.988929464951507e-05,4.563823274056283e-08,-4.645408014914207e-10
-0.00819092247386429,-0.0006326888543744661,-8.270678960618277e-05,-6.227095480006094e-05,4.189707300464293e-08,-4.4685841604505613e-10
-0.006982679241596656,-0.0005438241074202628,-7.20954559178903e-05,-5.5418295273834216e-05,3.841182486689727e-08,-4.2913820533556675e-10
-0.005948112893919165,-0.0004670734913353237,-6.279368206761412e-05,-4.92757746600448e-05,3.518105983300831e-08,-4.1160268153771005e-10
-0.005063883808467374,-0.0004009150571803074,-5.4657714802530014e-05,-4.3784426410435125e-05,3.219743788496411e-08,-3.9440832309813415e-10
-0.00430920462452221,-0.0003439719944105527,-4.755332149421726e-05,-3.888513024593467e-05,2.9449864604707272e-08,-3.776614656084686e-10
-0.0036657798482355795,-0.0002950160980217258,-4.135755749150943e-05,-3.4520729876759374e-05,2.6925066047063138e-08,-3.614309987032825e-10
-0.003117649401795593,-0.0002529630034257737,-3.5959374260363754e-05,-3.063730283075607e-05,2.4608700172838574e-08,-3.457582953191753e-10
-0.0026509824870660685,-0.00021686265563509684,-3.125948112430811e-05,-2.718483511600905e-05,2.248611528872043e-08,-3.3066507931839145e-10
-0.0022538526985325263,-0.00018588740342537452,-2.716975903268261e-05,-2.4117494785165496e-05,2.054285153930481e-08,-3.1615893794630933e-10
-0.0019160137468917566,-0.0001593192787341107,-2.3612431792245734e-05,-2.1393646123170575e-05,1.8764957938423245e-08,-3.022380061850786e-10
-0.0016286870306503139,-0.00013653742319728223,-2.0519130284992025e-05,-1.8975704159283898e-05,1.7139180430017293e-08,-2.888935996168309e-10
-0.001384366875065516,-0.00011700621367683612,-1.7829935313680115e-05,-1.682989755161339e-05,1.5653063109603937e-08,-2.761123072045036e-10
-0.0011766458061958675,-0.00010026436899780565,-1.549245048308993e-05,-1.4925985035488573e-05,1.429498996119788e-08,-2.6387792254849457e-10
-0.001000060133013884,-8.591514961803109e-05,-1.3460933767538909e-05,-1.3236954617330578e-05,1.3054188882756588e-08,-2.521723594519444e-10
-0.0008499549156962356,-7.361765874585013e-05,-1.169550171859133e-05,-1.1738723740505072e-05,1.1920710483916074e-08,-2.409765031255274e-10
-0.0007223667803845809,-6.307919448606106e-05,-1.0161411078797973e-05,-1.0409851301169553e-05,1.0885392651164458e-08,-2.3027086635312055e-10
-0.0006139227806303415,-5.4048571966092674e-05,-8.828417037170186e-06,-9.2312675495633e-06,9.939816931585403e-09,-2.2003605059520813e-10
-0.0005217534588717992,-4.631032135221779e-05,-7.670204215236455e-06,-8.186024788363476e-06,9.076260348761448e-09,-2.1025273556064033e-10
-0.0004434183348944526,-3.967966516401763e-05,-6.6638848555533705e-06,-7.259069801775974e-06,8.287646724006328e-09,-2.0090188902748726e-10
-0.0003768421840617512,-3.39981818133347e-05,-5.7895580080277816e-06,-6.437037745632374e-06,7.567498245780772e-09,-1.9196506477333628e-10
-0.0003202606306950693,-2.9130068982530602e-05,-5.029923410633682e-06,-5.708066522026768e-06,6.909888793630737e-09,-1.8342451098433183e-10
-0.00027217375035760007,-2.49589285572871e-05,-4.369943995127561e-06,-5.061630284664275e-06,6.309399335138287e-09,-1.752630650610913e-10
-0.00023130653718123978,-2.1385003302207828e-05,-3.796551353161414e-06,-4.488390547106978e-06,5.761076658884406e-09,-1.6746410693828675e-10
-0.00019657524267540881,-1.832280371016552e-05,-3.2983889915415277e-06,-3.980063324762396e-06,5.260394546402468e-09,-1.6001169637953566e-10
-0.00016705872802881138,-1.5699071147362317e-05,-2.865588721474078e-06,-3.5293007755379597e-06,4.803217420342741e-09,-1.5289051471389065e-10
-0.00014197409208359087,-1.3451030412520989e-05,-2.489576028346756e-06,-3.129585882294436e-06,4.3857677876525434e-09,-1.4608597702997287e-10
-0.0001206559424793896,-1.1524891083391304e-05,-2.1629007469768056e-06,-2.7751388237628563e-06,4.004595044715537e-09,-1.3958411469063003e-10
-0.00010253876894082601,-9.87456254436577e-06,-1.8790898041619476e-06,-2.4608337902666906e-06,3.6565477769805883e-09,-1.3337150900012957e-10
-8.714195672624522e-05,-8.460552430770591e-06,-1.6325191859244942e-06,-2.1821251159410934e-06,3.338748315213937e-09,-1.2743530973592323e-10
-7.405704622033045e-05,-7.249022437496578e-06,-1.4183026420979232e-06,-1.934981708077335e-06,3.048568414264687e-09,-1.2176322526295544e-10
-6.2936902932197e-05,-6.2109790929672476e-06,-1.2321949530407711e-06,-1.7158288565698063e-06,2.7836081011412994e-09,-1.1634348134546178e-10
-5.348651200938157e-05,-5.32158025954441e-06,-1.0705078630310757e-06,-1.5214966039746849e-06,2.5416757435115946e-09,-1.1116480977146328e-10
-4.545515395506657e-05,-4.5595408434252505e-06,-9.300370278383795e-07,-1.349173942533987e-06,2.3207699754718052e-09,-1.0621671609551405e-10
-3.862975453908634e-05,-3.90662354312585e-06,-8.079985369455465e-07,-1.196368186004993e-06,2.1190634853376237e-09,-1.0148886685163354e-10
-3.282923283790323e-05,-3.3472024818235777e-06,-7.019737576370716e-07,-1.060868933881789e-06,1.9348877124991414e-09,-9.697140916434354e-11
-2.7899697686185082e-05,-2.867889301223113e-06,-6.098614125166089e-07,-9.40716111500613e-07,1.7667191534596765e-09,-9.265505489226046e-11
-2.3710365239961978e-05,-2.4572127813161555e-06,-5.298359420198613e-07,-8.341716256196677e-07,1.6131667455951352e-09,-8.853068393069484e-11
-2.0150089441469468e-05,-2.105344328619562e-06,-4.603113283452698e-07,-7.396942281325582e-07,1.47296008973161e-09,-8.458995977375931e-11
-1.712441338381952e-05,-1.8038627662390274e-06,-3.999096651027535e-07,-6.559172247328383e-07,1.3449392348710602e-09,-8.082459708237012e-11
-1.4553063396361361e-05,-1.5455528021221362e-06,-3.4743385105116987e-07,-5.816287074679671e-07,1.2280451695847556e-09,-7.722690222552528e-11
-1.23678193795902e-05,-1.3242323528755642e-06,-3.018438659691727e-07,-5.157540249716773e-07,1.1213108761225627e-09,-7.378936608120036e-11
-1.051070490703814e-05,-1.134604593352601e-06,-2.622361588419492e-07,-4.573402380817479e-07,1.0238532761632446e-09,-7.050483540384849e-11
-8.932449086150007e-06,-9.721311911696176e-07,-2.2782574121914662e-07,-4.0554233542281075e-07,9.348660289793693e-10,-6.736640010767724e-11
-7.5911793730109884e-06,-8.329236931161458e-07,-1.9793062985696868e-07,-3.5961100993103546e-07,8.536130187759244e-10,-6.436758281759109e-11
-6.451310666061892e-06,-7.136504644100026e-07,-1.719583304581604e-07,-3.1888181982818047e-07,7.794220654817834e-10,-6.15022656659068e-11
-5.482601207642643e-06,-6.114569535837248e-07,-1.4939409513977385e-07,-2.8276557687566407e-07,7.11679392077169e-10,-5.87644727741118e-11
-4.659350246307787e-06,-5.238973753877527e-07,-1.2979072063935187e-07,-2.507398235839651e-07,6.498244255196439e-10,-5.6148542576967e-11
-3.959716175401323e-06,-4.4887617666800796e-07,-1.1275968524515137e-07,-2.2234127521065176e-07,5.933454360399586e-10,-5.364920383859679e-11
-3.3651370559789863e-06,-3.8459788357868697e-07,-9.796344855500541e-08,-1.9715911864948025e-07,5.417753144715715e-10,-5.1261155871239225e-11
-2.85983815340364e-06,-3.2952413075303553e-07,-8.510876224912542e-08,-1.748290685968693e-07,4.946874523039554e-10,-4.8979338971157984e-11
-2.430413418614789e-06,-2.823368440662193e-07,-7.394085770897409e-08,-1.5502809817505986e-07,4.5169226926754475e-10,-4.679907692932632e-11
-2.0654698153734245e-06,-2.419066952431197e-07,-6.423839672721354e-08,-1.3746976647165862e-07,4.124338802466243e-10,-4.47157936519774e-11
-1.7553250509754721e-06,-2.0726607380056125e-07,-5.580908500518344e-08,-1.219000744641789e-07,3.765874816284907e-10,-4.2725252984277504e-11
-1.4917506955543674e-06,-1.7758592957330403e-07,-4.8485861002235036e-08,-1.0809379057494812e-07,3.4385660083555467e-10,-4.082334471212402e-11
-1.2677538763700995e-06,-1.5215593080976404e-07,-4.2123584769430773e-08,-9.585119293554052e-08,3.139704548263594e-10,-3.900614206923575e-11
-1.0773917492298787e-06,-1.30367464017509e-07,-3.659616139113962e-08,-8.499518003027507e-08,2.8668184729354637e-10,-3.726992808596329e-11
-9.156138291401321e-07,-1.116990681374143e-07,-3.1794042029752694e-08,-7.536870854273106e-08,2.6176511018769566e-10,-3.561103037244544e-11
-7.781279968011424e-07,-9.570395439234023e-08,-2.7622053009283204e-08,-6.683252185758337e-08,2.3901388606662947e-10,-3.4025928950587713e-11
-6.612866253582334e-07,-8.199931335489864e-08,-2.3997508999431224e-08,-5.926313533616795e-08,2.1824009072216246e-10,-3.251126481157584e-11
-5.619898040414883e-07,-7.025715326075044e-08,-2.0848574750476777e-08,-5.255105019805014e-08,1.99271771990712e-10,-3.106399331273765e-11
-4.776030963076032e-07,-6.019645024314157e-08,-1.811284124434843e-08,-4.659916924889855e-08,1.819520079166151e-10,-2.968113292655228e-11
-4.058876441920024e-07,-5.157642254454218e-08,-1.573608849518847e-08,-4.1321392570654463e-08,1.661375677873419e-10,-2.8360061742049694e-11
-3.449407696362749e-07,-4.419076797164209e-08,-1.3671211336850243e-08,-3.664137176737275e-08,1.516975646098465e-10,-2.709778074321292e-11
-2.931454949879506e-07,-3.786272645389406e-08,-1.1877285631238409e-08,-3.24914056223226e-08,1.3851252928542787e-10,-2.589162844171956e-11
-2.4912764428187005e-07,-3.244084949847129e-08,-1.031875742565253e-08,-2.8811460521653043e-08,1.2647345221933025e-10,-2.473914895444402e-11
-2.117193821980954e-07,-2.779537590308244e-08,-8.964738052651874e-09,-2.5548302425415063e-08,1.15480759835184e-10,-2.3637903453862686e-11
-1.7992823306824568e-07,-2.381512614551236e-08,-7.788391940109739e-09,-2.2654726543590136e-08,1.0544354236074696e-10,-2.258576174461658e-11
-1.5291074793339076e-07,-2.040484116004666e-08,-6.766404893525392e-09,-2.0088874318124063e-08,9.627864609320141e-11,-2.158049044317397e-11
-1.2995012802725967e-07,-1.7482902921772127e-08,-5.87852235747838e-09,-1.7813628003695668e-08,8.791043458659007e-11,-2.0619847862316076e-11
-1.1043720543288825e-07,-1.4979381166183153e-08,-5.107146961882583e-09,-1.5796073805257184e-08,8.026942864562813e-11,-1.970187875294299e-11
-9.3854285104963e-08,-1.2834359362147381e-08,-4.436990893273545e-09,-1.4007025888340573e-08,7.329255586962971e-11,-1.8824779208878855e-11
-7.976140640061326e-08,-1.0996501008003512e-08,-3.8547723098762534e-09,-1.2420603842521557e-08,6.692219647099744e-11,-1.798667032439778e-11
-6.778467261375701e-08,-9.421820895460602e-09,-3.348951943051137e-09,-1.1013858445948563e-08,6.110550538381693e-11,-1.718593152753726e-11
-5.760632962935786e-08,-8.072632274920993e-09,-2.9095049256895554e-09,-9.76643972290006e-09,5.579439420183771e-11,-1.6420878198441688e-11
-4.89563360261904e-08,-6.916645159520188e-09,-2.5277218819687855e-09,-8.660302360771356e-09,5.094485460840361e-11,-1.5689937704035513e-11
-4.160519984377424e-08,-5.926193342776182e-09,-2.1960361295122634e-09,-7.679445072420118e-09,4.651671215951857e-11,-1.49915024901194e-11
-3.535788776972778e-08,-5.077572563010699e-09,-1.9078739086011547e-09,-6.809678643039183e-09,4.247360263912503e-11,-1.4324083828964541e-11
-3.0048653414853674e-08,-4.350472725266312e-09,-1.6575241330594889e-09,-6.038421124085806e-09,3.8781881680758136e-11,-1.368639542507649e-11
-2.553663736215216e-08,-3.727492452678118e-09,-1.4400250301035328e-09,-5.354515581769608e-09,3.541105158278895e-11,-1.3077104719433495e-11
-2.170213210293423e-08,-3.193721973400164e-09,-1.2510659737882346e-09,-4.748068664974434e-09,3.233327631477331e-11,-1.2494912215657029e-11
-1.8443404798396198e-08,-2.7363865333249004e-09,-1.0869019753143806e-09,-4.210307239928815e-09,2.9523025057701257e-11,-1.1938655159571495e-11
-1.5673998085804012e-08,-2.3445407959356862e-09,-9.442793730448457e-10,-3.733452113556706e-09,2.6957080102863952e-11,-1.140726001334882e-11
-1.332043738241049e-08,-2.0088066756382037e-09,-8.203716388256062e-10,-3.3106051042606937e-09,2.461409881031076e-11,-1.0899607376292977e-11
-1.1320280717762423e-08,-1.7211491031339478e-09,-7.127229299939685e-10,-2.9356493521986495e-09,2.2474793842858253e-11,-1.041465598176941e-11
-9.620461622716688e-09,-1.4746836582681192e-09,-6.191998762352956e-10,-2.603160654372246e-09,2.0521325471574236e-11,-9.951240158689284e-12
-8.175882122622467e-09,-1.2635116252603427e-09,-5.379488833034899e-10,-2.308329385830284e-09,1.8737713787339044e-11,-9.508400900243504e-12
-6.948216485110723e-09,-1.0825791037226806e-09,-4.673595909476885e-10,-2.0468904488356323e-09,1.7109161595444623e-11,-9.085199047152481e-12
-5.90489344892659e-09,-9.275559517099161e-10,-4.0603297260244187e-10,-1.8150617164734864e-09,1.562205070026277e-11,-8.680908261352e-12
-5.018232319377346e-09,-7.947317715294775e-10,-3.5275361497104606e-10,-1.6094896951359533e-09,1.4264173452965691e-11,-8.294703692319944e-12
-4.264709882561313e-09,-6.809278241217405e-10,-3.064655864648501e-10,-1.4272005532545758e-09,1.3024332248063464e-11,-7.925605051520033e-12
-3.6243339232826445e-09,-5.834204205075157e-10,-2.6625139160494646e-10,-1.2655571901567553e-09,1.1892188025699043e-11,-7.572868417156108e-12
-3.0801147468772438e-09,-4.998757319101162e-10,-2.313139637285275e-10,-1.1222214416667357e-09,1.0858497291475536e-11,-7.235756872938493e-12
-2.6176136754145093e-09,-4.2829450001260356e-10,-2.0096095007274797e-10,-9.951198339892998e-10,9.914708372085658e-12,-6.91365708717885e-12
-2.224560338519761e-09,-3.6696352931916e-10,-1.7459085169691597e-10,-8.824137145278166e-10,9.053031180393705e-12,-6.6059127656948325e-12
-1.8905266891671607e-09,-3.1441504055754364e-10,-1.5168110371851515e-10,-7.82472504908648e-10,8.266163328272259e-12,-6.311910535725744e-12
-1.6066505385584005e-09,-2.6939137964887324e-10,-1.317774916191831e-10,-6.938504244078188e-10,7.547865061566317e-12,-6.030956230621758e-12
-1.3654001400623895e-09,-2.3081503415847617e-10,-1.1448551785021812e-10,-6.152655212895219e-10,6.892008661577542e-12,-5.762645490020829e-12
-1.160375435310867e-09,-1.9776275387610582e-10,-9.946264039074586e-11,-5.455811309451084e-10,6.293160014563059e-12,-5.506258484814773e-12
-9.861361931029084e-10,-1.694435495476823e-10,-8.64110643632611e-11,-4.837892320854515e-10,5.746236183895233e-12,-5.261292457160226e-12
-8.38060527961414e-10,-1.4517947518823952e-10,-7.507213416110092e-11,-4.2899582050247444e-10,5.246863565455119e-12,-5.027216330800163e-12
-7.122190186168318e-10,-1.2439006562173583e-10,-6.52210764115784e-11,-3.8040831527575924e-10,4.790945589403968e-12,-4.803600747012117e-12
-6.052736235489685e-10,-1.0657758239192639e-10,-5.666273861658737e-11,-3.373237910863947e-10,4.374674529354879e-12,-4.59007322150588e-12
-5.143871946782881e-10,-9.131584076746027e-11,-4.922730141252186e-11,-2.9911893128364176e-10,3.9945801576285325e-12,-4.3860618897313454e-12
-4.371480233191773e-10,-7.823951699261499e-11,-4.276762685783215e-11,-2.652411003464326e-10,3.647534542832686e-12,-4.1912397954689434e-12
-3.715069657039025e-10,-6.703561154063503e-11,-3.7155613487777626e-11,-2.3520021360754484e-10,3.330653887717566e-12,-4.0050162962545025e-12
-3.1572227275408027e-10,-5.7436060545157116e-11,-3.227996050038873e-11,-2.0856171340582076e-10,3.0412488513548103e-12,-3.826995377389249e-12
-2.6831401686908e-10,-4.921110394069849e-11,-2.8044209795422342e-11,-1.8494021266385127e-10,2.7770140679962153e-12,-3.656951245640461e-12
-2.280243888771732e-10,-4.216398204284156e-11,-2.436430502189632e-11,-1.6399411741983866e-10,2.5358081023671207e-12,-3.494507232334127e-12
-1.937846736085093e-10,-3.612607590951537e-11,-2.116714198419493e-11,-1.454203717105503e-10,2.3156183992496184e-12,-3.3393413301404103e-12
-1.6468645877344534e-10,-3.095270124644182e-11,-1.8389488274318284e-11,-1.2895026430718738e-10,2.1145526865924504e-12,-3.191010255960163e-12
-1.399570737456034e-10,-2.6520275598567423e-11,-1.5976305834596467e-11,-1.1434552609446516e-10,1.9309425700700194e-12,-3.0493246754932743e-12
-1.189409810291179e-10,-2.27225256529961e-11,-1.3879843484882116e-11,-1.0139482592773936e-10,1.7631519407796996e-12,-2.913987618028726e-12
-1.0108050015484754e-10,-1.946858193498797e-11,-1.2058490342929581e-11,-8.991101592638573e-11,1.6099794919901245e-12,-2.7846252226600225e-12
-8.590167627908568e-11,-1.6680508001429497e-11,-1.0476098668017618e-11,-7.97279361631787e-11,1.4700647487039405e-12,-2.661069591163329e-12
-7.300185932704947e-11,-1.4291752202750852e-11,-9.101417976539208e-12,-7.069821840053232e-11,1.34233538803431e-12,-2.5429381827060948e-12
-6.203910080253056e-11,-1.2245054014665895e-11,-7.906984078195756e-12,-6.269114584004605e-11,1.2259242879967623e-12,-2.430182882211402e-12
-5.272257332536249e-11,-1.0491547605009731e-11,-6.869260042861144e-12,-5.559101589217448e-11,1.119730900016744e-12,-2.322436100424906e-12
-4.480554996600146e-11,-8.989141840801162e-12,-5.967780103027866e-12,-4.92949661596055e-11,1.0228729460393493e-12,-2.219443514498284e-12
-3.8076960873344324e-11,-7.701876624769625e-12,-5.184548782193862e-12,-4.3712059519842635e-11,9.344867557039513e-13,-2.1210072595292145e-12
-3.235886791669045e-11,-6.598887020219873e-12,-4.504240170404409e-12,-3.8761414552745834e-11,8.536597072564646e-13,-2.0270145780643997e-12
-2.749943672592819e-11,-5.653809078089007e-12,-3.913333625743779e-12,-3.4371397539904416e-11,7.796328897090925e-13,-1.9372051748102768e-12
-2.3370076770718858e-11,-4.844022375914188e-12,-3.3999207277749114e-12,-3.047860440121278e-11,7.119634384151652e-13,-1.851339483882327e-12
-1.986041791347426e-11,-4.150181079782591e-12,-2.953941775866718e-12,-2.702662703125534e-11,6.502020730134651e-13,-1.7693617810151117e-12
-1.6877854269849124e-11,-3.5556636474164144e-12,-2.5665505224170042e-12,-2.3965585587323813e-11,5.93781248992323e-13,-1.6909673876082115e-12
-1.4343458235696519e-11,-3.046336632204004e-12,-2.229890110374516e-12,-2.1251174583967337e-11,5.42171866764759e-13,-1.6159903498098537e-12
-1.2189372104914302e-11,-2.6099626104397332e-12,-1.9373448042838495e-12,-1.8844234860341913e-11,4.9503322385599e-13,-1.5443569418644688e-12
-1.0358989537403938e-11,-2.2360450857663538e-12,-1.6832458028074554e-12,-1.6709886931624607e-11,4.5193786413845397e-13,-1.4759313073645757e-12
-8.803227146001908e-12,-1.9156440359730593e-12,-1.4623823850366227e-12,-1.4817200353107964e-11,4.1253483652294033e-13,-1.4105634318478504e-12
-7.481525005097177e-12,-1.6412165480568208e-12,-1.270479024753086e-12,-1.3138917643503373e-11,3.764749083151177e-13,-1.348007982568687e-12
-6.3584160752166895e-12,-1.4061390826734819e-12,-1.1037740525001481e-12,-1.1650734606182484e-11,3.435790277346764e-13,-1.2881149773465701e-12
-5.404020021626907e-12,-1.204741811684631e-12,-9.590030609145939e-13,-1.0331009243490665e-11,3.1365496767635245e-13,-1.2309039230019141e-12
-4.5925195203492005e-12,-1.0322205209397663e-12,-8.332658144298076e-13,-9.160728760018252e-12,2.8634858115135056e-13,-1.1762795297776598e-12
-3.902452070951198e-12,-8.843812803849431e-13,-7.239834058745527e-13,-8.123042025606781e-12,2.614371877593469e-13,-1.1238983655994695e-12
-3.3164917903795813e-12,-7.57697444660954e-13,-6.289551839133891e-13,-7.202861845178073e-12,2.3862475903838275e-13,-1.073860543473586e-12
-2.818400235637073e-12,-6.491497455184788e-13,-5.464263125069589e-13,-6.387007048697674e-12,2.1776840507607895e-13,-1.0260071846940408e-12
-2.3951042675617292e-12,-5.561310065670038e-13,-4.747707231797262e-13,-5.663623945524577e-12,1.9877421109438525e-13,-9.802333397756178e-13
-2.0355730872618755e-12,-4.763779877518952e-13,-4.1247245460820563e-13,-5.022163609804862e-12,1.8145256683103591e-13,-9.364903326363842e-13
-1.7298690618720466e-12,-4.0812567331041284e-13,-3.582817181598999e-13,-4.453302930536083e-12,1.656389125602332e-13,-8.945587605468126e-13
-1.470056073978037e-12,-3.4964442636506485e-13,-3.1138850077433525e-13,-3.948951817570758e-12,1.5120076610134268e-13,-8.544474163540749e-13
-1.249011828394671e-12,-2.9959947448731807e-13,-2.705228861887948e-13,-3.5017329060943827e-12,1.379648152093581e-13,-8.161306972491509e-13
-1.0613015202824319e-12,-2.567376066580584e-13,-2.350689498119139e-13,-3.105112668012291e-12,1.2578879438116332e-13,-7.794343631093692e-13
-9.017050324260179e-13,-2.199756209601461e-13,-2.0436135527719097e-13,-2.7534435168131992e-12,1.1463840713190963e-13,-7.443250145822946e-13
-7.663779135831289e-13,-1.8843708610670916e-13,-1.777025444206736e-13,-2.441653692256527e-12,1.0445985922916369e-13,-7.107393381001352e-13
-6.511323269983873e-13,-1.613607032424637e-13,-1.5459639896578483e-13,-2.1652116228530434e-12,9.523665154560655e-14,-6.785950628918771e-13
-5.531297520560491e-13,-1.3820036412932734e-13,-1.344506972846057e-13,-1.919928802587422e-12,8.691022981290832e-14,-6.477335174560962e-13
-4.698710436336994e-13,-1.1831471704239427e-13,-1.1687010233240605e-13,-1.7023032133384812e-12,7.9442340366338e-14,-6.181466551407842e-13
-3.9887459185264455e-13,-1.0125457611652876e-13,-1.0160186277323042e-13,-1.5092993234429592e-12,7.261062844665401e-14,-5.897578919366535e-13
-3.387071532727889e-13,-8.65859484074279e-14,-8.825015737435763e-14,-1.338118565668022e-12,6.642106268697704e-14,-5.626634249253446e-13
-2.8726940754237965e-13,-7.408140562332023e-14,-7.660712747917702e-14,-1.1864185247124657e-12,6.085035559431443e-14,-5.36788096844936e-13
-2.4366991589514183e-13,-6.334820249904056e-14,-6.644932124926087e-14,-1.0519693013233745e-12,5.5711618757857323e-14,-5.120363837317005e-13
-2.0704529603332537e-13,-5.425079868046297e-14,-5.76216071183779e-14,-9.32753518111042e-13,5.1079686980198116e-14,-4.883118271889215e-13
-1.7567313022389418e-13,-4.639123488448084e-14,-5.008927130522237e-14,-8.271178157724142e-13,4.69142254431711e-14,-4.656749935715248e-13
-1.4891324854557475e-13,-3.968270010115139e-14,-4.363106125974878e-14,-7.334254544395972e-13,4.308421321076784e-14,-4.440257830989807e-13
-1.260669298864345e-13,-3.388538683206259e-14,-3.812209925110529e-14,-6.504112999103059e-13,3.956748406068583e-14,-4.232263607668808e-13
-1.0689895926694526e-13,-2.893921613893507e-14,-3.3382633802719366e-14,-5.768258784357403e-13,3.637401221545411e-14,-4.033655592379223e-13
-9.114595466308616e-14,-2.481896244018536e-14,-2.927548893111632e-14,-5.115501295746082e-13,3.3351048375805344e-14,-3.843568837472555e-13
-7.722519805591605e-14,-2.1294313995765098e-14,-2.573515514992834e-14,-4.5372506407260035e-13,3.056660468529812e-14,-3.6611684447744755e-13
-6.572297046786615e-14,-1.827263543073002e-14,-2.2700087419371944e-14,-4.0249613132128464e-13,2.8035535454245445e-14,-3.4855773724033666e-13
-5.5413767917354164e-14,-1.55895649313384e-14,-2.0053916794028155e-14,-3.570377405649623e-13,2.570966476162495e-14,-3.3176482232098424e-13
-4.6285283198272023e-14,-1.3367586380084345e-14,-1.7825232015497083e-14,-3.167799575872607e-13,2.34888051088204e-14,-3.1577443101551223e-13
-3.8991702335477984e-14,-1.1502313293806994e-14,-1.5755029994722277e-14,-2.81072394695862e-13,2.1386869223153354e-14,-3.004297229187429e-13
-3.286922762729484e-14,-9.790830879930207e-15,-1.3695309506715232e-14,-2.4927595029093474e-13,1.94846318805177e-14,-2.857483901554131e-13
-2.725198381290422e-14,-8.282124528420164e-15,-1.195329522616771e-14,-2.2107133399939783e-13,1.7744742790472586e-14,-2.71669596442658e-13
-2.2782156328003437e-14,-6.956222440107312e-15,-1.030029621617626e-14,-1.9607108352425707e-13,1.6129037403613077e-14,-2.5816299755887606e-13
-1.9117759860849898e-14,-5.761002461428964e-15,-8.813358557755926e-15,-1.7392422053978746e-13,1.454898045913667e-14,-2.452379809296664e-13
-1.627498853596899e-14,-4.758631153740397e-15,-7.531009458441623e-15,-1.542628922192702e-13,1.3098136023922401e-14,-2.3279638037358084e-13
-1.3921497449760234e-14,-3.824965598299465e-15,-6.362216786735776e-15,-1.366996138887431e-13,1.1719673045185572e-14,-2.2079696644768006e-13
-1.1901115284113468e-14,-3.0605364076521698e-15,-5.371580271653653e-15,-1.2106153626881756e-13,1.041449315319546e-14,-2.093632753736869e-13
-1.0114306070058016e-14,-2.390314732421526e-15,-4.440734492447453e-15,-1.0726233700129038e-13,9.16317268217829e-15,-1.9848919837980628e-13
-8.609095267586454e-15,-1.836231406160448e-15,-3.659218139280623e-15,-9.504290242796489e-14,7.97766853686255e-15,-1.8801545089925778e-13
-7.098496954590361e-15,-1.4038597101999216e-15,-3.1077615233842156e-15,-8.417827049141416e-14,6.84698782010314e-15,-1.7803353853306238e-13
-5.656925569950248e-15,-1.0617322948157838e-15,-2.686587060979753e-15,-7.459317672231334e-14,5.81216739138978e-15,-1.6844755445943726e-13
-4.812624816833812e-15,-8.711468081561293e-16,-2.4774583411100158e-15,-6.610149677408645e-14,4.971027983852287e-15,-1.5931197675817296e-13
-4.027364316272302e-15,-6.267968612868776e-16,-2.2836128792890804e-15,-5.850814372512317e-14,4.27810638431823e-15,-1.5056164860624435e-13
-3.735741770911484e-15,-4.2484329492460947e-16,-2.1527530872670146e-15,-5.178984858727623e-14,3.576979023518159e-15,-1.4211192345040936e-13
-3.405129997991337e-15,-3.021677667307185e-16,-2.0140714711028707e-15,-4.5877258501680924e-14,2.9658834834806446e-15,-1.3403260031403512e-13
-2.9652925169234228e-15,-2.4674822263367015e-16,-1.845881656620821e-15,-4.071726828501808e-14,2.5237598693958693e-15,-1.2627885978515003e-13
-2.402572357031536e-15,-2.8691751803066623e-16,-1.6762710722135182e-15,-3.619043035252414e-14,2.2124336558077574e-15,-1.187372703108182e-13
-2.0647715988094664e-15,-2.299550912027452e-16,-1.446049583764605e-15,-3.222627502569856e-14,1.951436722023973e-15,-1.1144097554663542e-13
-1.5933559154765559e-15,-1.6220167078401964e-16,-1.3098548298932992e-15,-2.8590271691973674e-14,1.6963265600548084e-15,-1.0447237014871346e-13
-1.8069807168292713e-15,3.6136025225339467e-19,-1.2101687433569744e-15,-2.5421392160159463e-14,1.4585642982939922e-15,-9.77701175172585e-14
-2.012452192298225e-15,9.60284312176184e-17,-1.186090093628216e-15,-2.2454324844907124e-14,1.25341514167679e-15,-9.124383580410843e-14
-2.1327653206362027e-15,1.4229639918680254e-16,-1.1142606247122925e-15,-1.9774685396139024e-14,1.0347066582168217e-15,-8.486772048679656e-14
-2.1329417875786297e-15,2.160540843681039e-16,-1.057315444389282e-15,-1.7528486953441038e-14,7.472724614882246e-16,-7.853974104284771e-14
-1.8247535393860987e-15,3.076636299710554e-16,-9.050033473821652e-16,-1.5499991990323774e-14,5.171987037307727e-16,-7.22904985996129e-14
-1.6489915495039316e-15,3.7457016802746303e-16,-8.188672448739748e-16,-1.3745754698405247e-14,4.385212039198731e-16,-6.630813166940447e-14
-1.6251222685850197e-15,4.032008185687282e-16,-7.552295378257632e-16,-1.2157595401939307e-14,3.827432640389787e-16,-6.048732333170027e-14
-1.4464527319230253e-15,3.553723928378853e-16,-6.107186868313707e-16,-1.0668578160351108e-14,2.8377976676081025e-16,-5.465758325369551e-14
-1.381094966535923e-15,1.862787860538316e-16,-5.325864087692061e-16,-9.210036340175363e-15,1.8506585614965507e-16,-4.8928518070074e-14
-1.181231576476336e-15,6.194616589378273e-17,-4.884669752143407e-16,-7.827017086719158e-15,8.355484894543236e-17,-4.321443554853251e-14
-8.136864603785043e-16,-2.3349013793440076e-17,-4.457043573339666e-16,-6.562760890300828e-15,-1.4253485835216765e-17,-3.763574601298855e-14
-5.167446179580825e-16,-2.2172020044674073e-17,-3.5662831975326393e-16,-5.3498055548058606e-15,-5.985944987063735e-17,-3.2176091918880075e-14
-2.745953834820786e-16,5.792343532860796e-17,-2.80787244474742e-16,-4.247207114461265e-15,-4.629436063521835e-17,-2.67473829644378e-14
3.1981631284861027e-17,1.6513590079510662e-16,-2.998361514544641e-16,-3.2509307067362943e-15,3.526469656930447e-17,-2.1347157658524722e-14
3.498098414888692e-17,2.1358515592437796e-16,-3.137173456142145e-16,-2.3386216310678532e-15,4.685476474227552e-17,-1.5933055678352038e-14
2.5798310437329326e-17,1.7071943248205356e-16,-1.6702117203325887e-16,-1.5360419302127523e-15,5.993914934144827e-17,-1.058391651783546e-14
1.3287558742992237e-17,8.545170868128305e-17,-6.38759581242599e-17,-7.665371616037442e-16,3.534122572693847e-18,-5.253228194407414e-15
